{
    "Accuracy": 0.9651162790697675,
    "F1_Score": 0.9724770642201835
}